client_id	path	sentence	up_votes	down_votes	age	gender	accent	locale	segment
6cf52fee343629ae9a854bce2bc137221c710d167119554ff1f30afecaace31274cbd3293f2f383647c55e51ce7711b9e8842b8283189ddec40394d1414d5dcd	common_voice_ur_26651900.mp3	خاکم بدہن، میں اس بر بادی کے آثار دیکھ رہا ہوں۔	2	0	twenties	male		ur	
6cf52fee343629ae9a854bce2bc137221c710d167119554ff1f30afecaace31274cbd3293f2f383647c55e51ce7711b9e8842b8283189ddec40394d1414d5dcd	common_voice_ur_26651911.mp3	لوگوں کو بات کر نے دیں اگر اس میں وزن نہیں ہو گا۔	2	0	twenties	male		ur	
6cf52fee343629ae9a854bce2bc137221c710d167119554ff1f30afecaace31274cbd3293f2f383647c55e51ce7711b9e8842b8283189ddec40394d1414d5dcd	common_voice_ur_26651912.mp3	کسان اور حکومت کے درمیان واحد چیز کارڈ ہوگی	2	0	twenties	male		ur	
6cf52fee343629ae9a854bce2bc137221c710d167119554ff1f30afecaace31274cbd3293f2f383647c55e51ce7711b9e8842b8283189ddec40394d1414d5dcd	common_voice_ur_26651913.mp3	جبوتی	2	1	twenties	male		ur	
6cf52fee343629ae9a854bce2bc137221c710d167119554ff1f30afecaace31274cbd3293f2f383647c55e51ce7711b9e8842b8283189ddec40394d1414d5dcd	common_voice_ur_26651915.mp3	لوگوں کو خوش کرتا ہوں	2	0	twenties	male		ur	
6cf52fee343629ae9a854bce2bc137221c710d167119554ff1f30afecaace31274cbd3293f2f383647c55e51ce7711b9e8842b8283189ddec40394d1414d5dcd	common_voice_ur_26651921.mp3	لسی کی بوتلیں دی ۔	2	0	twenties	male		ur	
6cf52fee343629ae9a854bce2bc137221c710d167119554ff1f30afecaace31274cbd3293f2f383647c55e51ce7711b9e8842b8283189ddec40394d1414d5dcd	common_voice_ur_26651922.mp3	امریکی صدربننے کےبعد میرے والد کوکاروبار میں کروڑوں ڈالر کا نقصان ہوا ٹرمپ جونیئر	2	0	twenties	male		ur	
6cf52fee343629ae9a854bce2bc137221c710d167119554ff1f30afecaace31274cbd3293f2f383647c55e51ce7711b9e8842b8283189ddec40394d1414d5dcd	common_voice_ur_26651925.mp3	ہمت تو دور کی بات ہے۔	2	0	twenties	male		ur	
6cf52fee343629ae9a854bce2bc137221c710d167119554ff1f30afecaace31274cbd3293f2f383647c55e51ce7711b9e8842b8283189ddec40394d1414d5dcd	common_voice_ur_26651934.mp3	یوں لگتا تھا کہ جیسے کوئی بیش قیمت خزانہ ہاتھ لگا گیا	2	0	twenties	male		ur	
6cf52fee343629ae9a854bce2bc137221c710d167119554ff1f30afecaace31274cbd3293f2f383647c55e51ce7711b9e8842b8283189ddec40394d1414d5dcd	common_voice_ur_26651942.mp3	یہاں عجیب مخمصہ ہے۔	2	0	twenties	male		ur	
6cf52fee343629ae9a854bce2bc137221c710d167119554ff1f30afecaace31274cbd3293f2f383647c55e51ce7711b9e8842b8283189ddec40394d1414d5dcd	common_voice_ur_26651943.mp3	یہ نہیں کہا جائے گا فلاں آدمی مشرک ہے	2	0	twenties	male		ur	
6cf52fee343629ae9a854bce2bc137221c710d167119554ff1f30afecaace31274cbd3293f2f383647c55e51ce7711b9e8842b8283189ddec40394d1414d5dcd	common_voice_ur_26651944.mp3	بنگلہ دیش	2	0	twenties	male		ur	
6cf52fee343629ae9a854bce2bc137221c710d167119554ff1f30afecaace31274cbd3293f2f383647c55e51ce7711b9e8842b8283189ddec40394d1414d5dcd	common_voice_ur_26651945.mp3	پی ائی اے کی نجکاری قوانین کے مطابق کی جائے گی دانیال عزیز	2	0	twenties	male		ur	
6cf52fee343629ae9a854bce2bc137221c710d167119554ff1f30afecaace31274cbd3293f2f383647c55e51ce7711b9e8842b8283189ddec40394d1414d5dcd	common_voice_ur_26651951.mp3	اب حالات اور ہیں۔	2	0	twenties	male		ur	
6cf52fee343629ae9a854bce2bc137221c710d167119554ff1f30afecaace31274cbd3293f2f383647c55e51ce7711b9e8842b8283189ddec40394d1414d5dcd	common_voice_ur_26651952.mp3	ہنگری میں ایئر ریس کا انعقادپائلٹس کے سٹنٹس نے سب کو چونکا دیا	2	0	twenties	male		ur	
6cf52fee343629ae9a854bce2bc137221c710d167119554ff1f30afecaace31274cbd3293f2f383647c55e51ce7711b9e8842b8283189ddec40394d1414d5dcd	common_voice_ur_26651954.mp3	تین بار وزیر اعظم رہے۔	2	0	twenties	male		ur	
6cf52fee343629ae9a854bce2bc137221c710d167119554ff1f30afecaace31274cbd3293f2f383647c55e51ce7711b9e8842b8283189ddec40394d1414d5dcd	common_voice_ur_26651955.mp3	ان کے لیے ہمدردی رکھتا ہوں جو مچھ سے زیادہ برے حال میں ہیں	2	0	twenties	male		ur	
6cf52fee343629ae9a854bce2bc137221c710d167119554ff1f30afecaace31274cbd3293f2f383647c55e51ce7711b9e8842b8283189ddec40394d1414d5dcd	common_voice_ur_26651973.mp3	بعض کے کالم کبھی کبھارکسی اخبار میں چھپ جاتے ہیں۔	2	0	twenties	male		ur	
6cf52fee343629ae9a854bce2bc137221c710d167119554ff1f30afecaace31274cbd3293f2f383647c55e51ce7711b9e8842b8283189ddec40394d1414d5dcd	common_voice_ur_26651977.mp3	ہنڈا نے اپنی نئی سوک رش پاکستان میں متعارف کرا دی ہے	2	0	twenties	male		ur	
6cf52fee343629ae9a854bce2bc137221c710d167119554ff1f30afecaace31274cbd3293f2f383647c55e51ce7711b9e8842b8283189ddec40394d1414d5dcd	common_voice_ur_26651983.mp3	اٹھانے کے لئے ہاتھ بڑھایا۔	2	0	twenties	male		ur	
6cf52fee343629ae9a854bce2bc137221c710d167119554ff1f30afecaace31274cbd3293f2f383647c55e51ce7711b9e8842b8283189ddec40394d1414d5dcd	common_voice_ur_26651985.mp3	اب یہ مانے گا۔	2	0	twenties	male		ur	
6cf52fee343629ae9a854bce2bc137221c710d167119554ff1f30afecaace31274cbd3293f2f383647c55e51ce7711b9e8842b8283189ddec40394d1414d5dcd	common_voice_ur_26651986.mp3	آسٹریائی جرمن	2	0	twenties	male		ur	
6cf52fee343629ae9a854bce2bc137221c710d167119554ff1f30afecaace31274cbd3293f2f383647c55e51ce7711b9e8842b8283189ddec40394d1414d5dcd	common_voice_ur_26651999.mp3	عروہ نے رنگریزا میں ثناء جاوید کی جگہ لے لی	2	0	twenties	male		ur	
6cf52fee343629ae9a854bce2bc137221c710d167119554ff1f30afecaace31274cbd3293f2f383647c55e51ce7711b9e8842b8283189ddec40394d1414d5dcd	common_voice_ur_26652000.mp3	اور گرین ہاؤس ایفیکٹ کو سبز مکانی اثر لکھا کرتے تھے	2	0	twenties	male		ur	
6cf52fee343629ae9a854bce2bc137221c710d167119554ff1f30afecaace31274cbd3293f2f383647c55e51ce7711b9e8842b8283189ddec40394d1414d5dcd	common_voice_ur_26652001.mp3	ٹرمپ امریکا کیلئے باعث شرمندگی	2	0	twenties	male		ur	
6cf52fee343629ae9a854bce2bc137221c710d167119554ff1f30afecaace31274cbd3293f2f383647c55e51ce7711b9e8842b8283189ddec40394d1414d5dcd	common_voice_ur_26652003.mp3	مسلم یہودی اور مسیحی دوسری تحریک وہ تھی جس کی	2	0	twenties	male		ur	
6cf52fee343629ae9a854bce2bc137221c710d167119554ff1f30afecaace31274cbd3293f2f383647c55e51ce7711b9e8842b8283189ddec40394d1414d5dcd	common_voice_ur_26652004.mp3	وہ اب موجود نہ تھا۔	2	0	twenties	male		ur	
6cf52fee343629ae9a854bce2bc137221c710d167119554ff1f30afecaace31274cbd3293f2f383647c55e51ce7711b9e8842b8283189ddec40394d1414d5dcd	common_voice_ur_26652005.mp3	چیزوں کا بنا سوچے سمجھے کرتا ہوں	2	0	twenties	male		ur	
6cf52fee343629ae9a854bce2bc137221c710d167119554ff1f30afecaace31274cbd3293f2f383647c55e51ce7711b9e8842b8283189ddec40394d1414d5dcd	common_voice_ur_26652018.mp3	وہ میڈیاسیل والے؟	2	0	twenties	male		ur	
6cf52fee343629ae9a854bce2bc137221c710d167119554ff1f30afecaace31274cbd3293f2f383647c55e51ce7711b9e8842b8283189ddec40394d1414d5dcd	common_voice_ur_26652020.mp3	خاص طرح کا ہوتا ہے	2	0	twenties	male		ur	
6cf52fee343629ae9a854bce2bc137221c710d167119554ff1f30afecaace31274cbd3293f2f383647c55e51ce7711b9e8842b8283189ddec40394d1414d5dcd	common_voice_ur_26652021.mp3	کا عمل جو فضا میں کاربن ڈائی آکسائیڈ گیس کے اضافے	2	0	twenties	male		ur	
6cf52fee343629ae9a854bce2bc137221c710d167119554ff1f30afecaace31274cbd3293f2f383647c55e51ce7711b9e8842b8283189ddec40394d1414d5dcd	common_voice_ur_26652022.mp3	کیا یہ نا شکر نہیں ہے	2	0	twenties	male		ur	
6cf52fee343629ae9a854bce2bc137221c710d167119554ff1f30afecaace31274cbd3293f2f383647c55e51ce7711b9e8842b8283189ddec40394d1414d5dcd	common_voice_ur_26652030.mp3	آج صبح میں دیر سے بیدار ہوا	2	0	twenties	male		ur	
6cf52fee343629ae9a854bce2bc137221c710d167119554ff1f30afecaace31274cbd3293f2f383647c55e51ce7711b9e8842b8283189ddec40394d1414d5dcd	common_voice_ur_26652031.mp3	تو ان کے استعمال سے بھی کاربن ڈائی آکسائیڈ	2	0	twenties	male		ur	
6cf52fee343629ae9a854bce2bc137221c710d167119554ff1f30afecaace31274cbd3293f2f383647c55e51ce7711b9e8842b8283189ddec40394d1414d5dcd	common_voice_ur_26652043.mp3	ان کو نوٹ بک بھی کہا جاتا ہے ۔	2	0	twenties	male		ur	
6cf52fee343629ae9a854bce2bc137221c710d167119554ff1f30afecaace31274cbd3293f2f383647c55e51ce7711b9e8842b8283189ddec40394d1414d5dcd	common_voice_ur_26652046.mp3	ایم این ایس زرعی	2	0	twenties	male		ur	
6cf52fee343629ae9a854bce2bc137221c710d167119554ff1f30afecaace31274cbd3293f2f383647c55e51ce7711b9e8842b8283189ddec40394d1414d5dcd	common_voice_ur_26652047.mp3	دنیا کے فیصلے دیگر قومیں کررہی ہیں۔	2	0	twenties	male		ur	
6cf52fee343629ae9a854bce2bc137221c710d167119554ff1f30afecaace31274cbd3293f2f383647c55e51ce7711b9e8842b8283189ddec40394d1414d5dcd	common_voice_ur_26652061.mp3	فیس بک سماجی مدد	2	0	twenties	male		ur	
6cf52fee343629ae9a854bce2bc137221c710d167119554ff1f30afecaace31274cbd3293f2f383647c55e51ce7711b9e8842b8283189ddec40394d1414d5dcd	common_voice_ur_26652077.mp3	تو چھوٹی عصبیتیں باہم دست وگریباں ہونے لگتی ہیں۔	2	1	twenties	male		ur	
6cf52fee343629ae9a854bce2bc137221c710d167119554ff1f30afecaace31274cbd3293f2f383647c55e51ce7711b9e8842b8283189ddec40394d1414d5dcd	common_voice_ur_26652079.mp3	بنگلہ دیش کا معیاری وقت	2	0	twenties	male		ur	
6cf52fee343629ae9a854bce2bc137221c710d167119554ff1f30afecaace31274cbd3293f2f383647c55e51ce7711b9e8842b8283189ddec40394d1414d5dcd	common_voice_ur_26652105.mp3	جب آسمان سے بارش کی طرح بارود اور آگ‘ برستے ہیں۔	2	0	twenties	male		ur	
6cf52fee343629ae9a854bce2bc137221c710d167119554ff1f30afecaace31274cbd3293f2f383647c55e51ce7711b9e8842b8283189ddec40394d1414d5dcd	common_voice_ur_26652109.mp3	مائیکروسافٹ ، ونڈوز ایکس پی کے لئے اپنی سپورٹ اپریل میں ختم کررہا ہے	2	0	twenties	male		ur	
6cf52fee343629ae9a854bce2bc137221c710d167119554ff1f30afecaace31274cbd3293f2f383647c55e51ce7711b9e8842b8283189ddec40394d1414d5dcd	common_voice_ur_26652111.mp3	اللہ بہتر جانے۔	2	0	twenties	male		ur	
6cf52fee343629ae9a854bce2bc137221c710d167119554ff1f30afecaace31274cbd3293f2f383647c55e51ce7711b9e8842b8283189ddec40394d1414d5dcd	common_voice_ur_26652121.mp3	اس جنگ میں جھونک دیا۔	2	0	twenties	male		ur	
6cf52fee343629ae9a854bce2bc137221c710d167119554ff1f30afecaace31274cbd3293f2f383647c55e51ce7711b9e8842b8283189ddec40394d1414d5dcd	common_voice_ur_26652132.mp3	رسوائی کی‘‘۔	2	0	twenties	male		ur	
6cf52fee343629ae9a854bce2bc137221c710d167119554ff1f30afecaace31274cbd3293f2f383647c55e51ce7711b9e8842b8283189ddec40394d1414d5dcd	common_voice_ur_26652133.mp3	زمین کا بتدریج بڑھتا ہوا درجۂ حرارت ہے	2	0	twenties	male		ur	
6cf52fee343629ae9a854bce2bc137221c710d167119554ff1f30afecaace31274cbd3293f2f383647c55e51ce7711b9e8842b8283189ddec40394d1414d5dcd	common_voice_ur_26652134.mp3	اس کی کہانی کسی قدر ایک ذاتی زوال میں سے ہے	2	0	twenties	male		ur	
6cf52fee343629ae9a854bce2bc137221c710d167119554ff1f30afecaace31274cbd3293f2f383647c55e51ce7711b9e8842b8283189ddec40394d1414d5dcd	common_voice_ur_26652136.mp3	اس کا مطلب ہے کہ سیاسی حل کا امکان ختم ہو گیا ہے۔	2	0	twenties	male		ur	
6cf52fee343629ae9a854bce2bc137221c710d167119554ff1f30afecaace31274cbd3293f2f383647c55e51ce7711b9e8842b8283189ddec40394d1414d5dcd	common_voice_ur_26652162.mp3	اُمّید ہے کہ ٹام میری مدد کریں گے۔	2	0	twenties	male		ur	
6cf52fee343629ae9a854bce2bc137221c710d167119554ff1f30afecaace31274cbd3293f2f383647c55e51ce7711b9e8842b8283189ddec40394d1414d5dcd	common_voice_ur_26652170.mp3	پہلے ٹیسٹ میں زمبابوے ٹیم اپنی ناتجربہ کاری کے باعث شکست کھاگئی ۔	2	1	twenties	male		ur	
6cf52fee343629ae9a854bce2bc137221c710d167119554ff1f30afecaace31274cbd3293f2f383647c55e51ce7711b9e8842b8283189ddec40394d1414d5dcd	common_voice_ur_26652171.mp3	یہی اس الیکشن موسم میں ہو رہا ہے۔	2	0	twenties	male		ur	
6cf52fee343629ae9a854bce2bc137221c710d167119554ff1f30afecaace31274cbd3293f2f383647c55e51ce7711b9e8842b8283189ddec40394d1414d5dcd	common_voice_ur_26652182.mp3	بابُر نے مغلیہ سلطنت کی تشکیل کی۔	2	0	twenties	male		ur	
6cf52fee343629ae9a854bce2bc137221c710d167119554ff1f30afecaace31274cbd3293f2f383647c55e51ce7711b9e8842b8283189ddec40394d1414d5dcd	common_voice_ur_26652183.mp3	لوٹے ان کے کسی کام نہ آ سکتے تھے۔	2	1	twenties	male		ur	
6cf52fee343629ae9a854bce2bc137221c710d167119554ff1f30afecaace31274cbd3293f2f383647c55e51ce7711b9e8842b8283189ddec40394d1414d5dcd	common_voice_ur_26652193.mp3	نیب کے سربراہ قمر زمان چوہدری تھے۔	2	0	twenties	male		ur	
6cf52fee343629ae9a854bce2bc137221c710d167119554ff1f30afecaace31274cbd3293f2f383647c55e51ce7711b9e8842b8283189ddec40394d1414d5dcd	common_voice_ur_26652217.mp3	سڈنی ویں کامن ویلتھ گیمز کا اغاز ہو گیا	2	0	twenties	male		ur	
6cf52fee343629ae9a854bce2bc137221c710d167119554ff1f30afecaace31274cbd3293f2f383647c55e51ce7711b9e8842b8283189ddec40394d1414d5dcd	common_voice_ur_26652219.mp3	ہیمبرگ ماسٹر ٹینس البرٹ راموس اور فلورین میئر دوسرے رانڈ میں	2	0	twenties	male		ur	
6cf52fee343629ae9a854bce2bc137221c710d167119554ff1f30afecaace31274cbd3293f2f383647c55e51ce7711b9e8842b8283189ddec40394d1414d5dcd	common_voice_ur_26652227.mp3	کہ وہ آٹھ گھنٹے کے کھیل میں	2	0	twenties	male		ur	
6cf52fee343629ae9a854bce2bc137221c710d167119554ff1f30afecaace31274cbd3293f2f383647c55e51ce7711b9e8842b8283189ddec40394d1414d5dcd	common_voice_ur_26652230.mp3	تو چہل پہل ہو۔	2	0	twenties	male		ur	
6cf52fee343629ae9a854bce2bc137221c710d167119554ff1f30afecaace31274cbd3293f2f383647c55e51ce7711b9e8842b8283189ddec40394d1414d5dcd	common_voice_ur_26652234.mp3	ایسی فکر انگیز تقریر میں نے زندگی میں پہلی بار سنی ہے۔	2	0	twenties	male		ur	
6cf52fee343629ae9a854bce2bc137221c710d167119554ff1f30afecaace31274cbd3293f2f383647c55e51ce7711b9e8842b8283189ddec40394d1414d5dcd	common_voice_ur_26652433.mp3	پاکستان دو لخت کیا ہو اسے یوم دفاع منانے کا کوئی حق نہیں ہے	2	0	twenties	male		ur	
6cf52fee343629ae9a854bce2bc137221c710d167119554ff1f30afecaace31274cbd3293f2f383647c55e51ce7711b9e8842b8283189ddec40394d1414d5dcd	common_voice_ur_26652436.mp3	لہٰذا وہ مجھے خیر ہی کی باتیں کہتا ہے	2	0	twenties	male		ur	
6cf52fee343629ae9a854bce2bc137221c710d167119554ff1f30afecaace31274cbd3293f2f383647c55e51ce7711b9e8842b8283189ddec40394d1414d5dcd	common_voice_ur_26652437.mp3	بس اللہ آپ کو خوش رکھے اور صحت دے۔	2	0	twenties	male		ur	
6cf52fee343629ae9a854bce2bc137221c710d167119554ff1f30afecaace31274cbd3293f2f383647c55e51ce7711b9e8842b8283189ddec40394d1414d5dcd	common_voice_ur_26652460.mp3	ریاست قانون پر کھڑی ہوتی اور قوت نافذہ رکھتی ہے۔	2	0	twenties	male		ur	
6cf52fee343629ae9a854bce2bc137221c710d167119554ff1f30afecaace31274cbd3293f2f383647c55e51ce7711b9e8842b8283189ddec40394d1414d5dcd	common_voice_ur_26652461.mp3	کہ آئی پی ایل نے	2	0	twenties	male		ur	
6cf52fee343629ae9a854bce2bc137221c710d167119554ff1f30afecaace31274cbd3293f2f383647c55e51ce7711b9e8842b8283189ddec40394d1414d5dcd	common_voice_ur_26652462.mp3	محمد علی باکسنگ کے چیمپئن تھے۔	2	0	twenties	male		ur	
6cf52fee343629ae9a854bce2bc137221c710d167119554ff1f30afecaace31274cbd3293f2f383647c55e51ce7711b9e8842b8283189ddec40394d1414d5dcd	common_voice_ur_26652488.mp3	سحری سے پہلے قرآن مجید کھولا سورہ بقرہ سامنے تھی۔	2	0	twenties	male		ur	
6cf52fee343629ae9a854bce2bc137221c710d167119554ff1f30afecaace31274cbd3293f2f383647c55e51ce7711b9e8842b8283189ddec40394d1414d5dcd	common_voice_ur_26652490.mp3	بت پرستی کا مطلب یہ ہے	2	0	twenties	male		ur	
6cf52fee343629ae9a854bce2bc137221c710d167119554ff1f30afecaace31274cbd3293f2f383647c55e51ce7711b9e8842b8283189ddec40394d1414d5dcd	common_voice_ur_26652491.mp3	میں جوہر انسانیت تلاش کرنا مشکل ہے۔	2	0	twenties	male		ur	
6cf52fee343629ae9a854bce2bc137221c710d167119554ff1f30afecaace31274cbd3293f2f383647c55e51ce7711b9e8842b8283189ddec40394d1414d5dcd	common_voice_ur_26652492.mp3	دل کو دل سے راہ ہوتی ہے	2	0	twenties	male		ur	
6cf52fee343629ae9a854bce2bc137221c710d167119554ff1f30afecaace31274cbd3293f2f383647c55e51ce7711b9e8842b8283189ddec40394d1414d5dcd	common_voice_ur_26652499.mp3	ترغیب کے اثرات سے بیماریوں سے بھی چھٹکارا حاصل کیا جاسکتا ہے جیسے کینسر	2	0	twenties	male		ur	
6cf52fee343629ae9a854bce2bc137221c710d167119554ff1f30afecaace31274cbd3293f2f383647c55e51ce7711b9e8842b8283189ddec40394d1414d5dcd	common_voice_ur_26652500.mp3	اس جدید دور میں صنعتکار مختلف طرح کے روبوٹس تیار کر رہے ہیں	2	0	twenties	male		ur	
6cf52fee343629ae9a854bce2bc137221c710d167119554ff1f30afecaace31274cbd3293f2f383647c55e51ce7711b9e8842b8283189ddec40394d1414d5dcd	common_voice_ur_26652502.mp3	درجِ بالا آیات کے مطالعے سے واضح ہو جاتا ہے	2	0	twenties	male		ur	
6cf52fee343629ae9a854bce2bc137221c710d167119554ff1f30afecaace31274cbd3293f2f383647c55e51ce7711b9e8842b8283189ddec40394d1414d5dcd	common_voice_ur_26652515.mp3	تحریر قابل رحم تھی اور مکالمہ ناقابل یقین تھا	2	0	twenties	male		ur	
6cf52fee343629ae9a854bce2bc137221c710d167119554ff1f30afecaace31274cbd3293f2f383647c55e51ce7711b9e8842b8283189ddec40394d1414d5dcd	common_voice_ur_26652517.mp3	ان کا یہ رونا ہی رہا۔	2	0	twenties	male		ur	
6cf52fee343629ae9a854bce2bc137221c710d167119554ff1f30afecaace31274cbd3293f2f383647c55e51ce7711b9e8842b8283189ddec40394d1414d5dcd	common_voice_ur_26652522.mp3	اللہ تعالی کے ہونے کی واضح دلیل ہیں	2	0	twenties	male		ur	
6cf52fee343629ae9a854bce2bc137221c710d167119554ff1f30afecaace31274cbd3293f2f383647c55e51ce7711b9e8842b8283189ddec40394d1414d5dcd	common_voice_ur_26652523.mp3	وزیر اعظم مراعاتی پیکج برائے برامد کنندگان میں کلیمز جمع کرانے کی تاریخ میں توسیع	2	0	twenties	male		ur	
6cf52fee343629ae9a854bce2bc137221c710d167119554ff1f30afecaace31274cbd3293f2f383647c55e51ce7711b9e8842b8283189ddec40394d1414d5dcd	common_voice_ur_26652526.mp3	مگر حیف ہے اے انسان تیری خود مختاری	2	0	twenties	male		ur	
6cf52fee343629ae9a854bce2bc137221c710d167119554ff1f30afecaace31274cbd3293f2f383647c55e51ce7711b9e8842b8283189ddec40394d1414d5dcd	common_voice_ur_26652534.mp3	بس دو تین چیزیں دہرائے جا رہے ہیں۔	2	0	twenties	male		ur	
6cf52fee343629ae9a854bce2bc137221c710d167119554ff1f30afecaace31274cbd3293f2f383647c55e51ce7711b9e8842b8283189ddec40394d1414d5dcd	common_voice_ur_26652563.mp3	کولاراڈو دنیا کا سب سے چھوٹا ٹرانسفارمر ايجاد کرلیا گیا ہے جس کے اونچائی صرف ملی ميٹر ہے	2	0	twenties	male		ur	
6cf52fee343629ae9a854bce2bc137221c710d167119554ff1f30afecaace31274cbd3293f2f383647c55e51ce7711b9e8842b8283189ddec40394d1414d5dcd	common_voice_ur_26652586.mp3	ایک پرچی نے مجھے دونوں	2	0	twenties	male		ur	
6cf52fee343629ae9a854bce2bc137221c710d167119554ff1f30afecaace31274cbd3293f2f383647c55e51ce7711b9e8842b8283189ddec40394d1414d5dcd	common_voice_ur_26652587.mp3	جو فتنہ اورفسادوالوں نے کرنا تھا۔	2	0	twenties	male		ur	
6cf52fee343629ae9a854bce2bc137221c710d167119554ff1f30afecaace31274cbd3293f2f383647c55e51ce7711b9e8842b8283189ddec40394d1414d5dcd	common_voice_ur_26652588.mp3	اکثر لوگ ریٹائر ہونے کے بعد جزوقتی ملازمت کرتے ہیں یا اپنا وقت ضائع کرتے ہیں	2	0	twenties	male		ur	
6cf52fee343629ae9a854bce2bc137221c710d167119554ff1f30afecaace31274cbd3293f2f383647c55e51ce7711b9e8842b8283189ddec40394d1414d5dcd	common_voice_ur_26652598.mp3	کچھ وقت گزرے گا، جذبات ٹھنڈے ہوں۔	2	0	twenties	male		ur	
6cf52fee343629ae9a854bce2bc137221c710d167119554ff1f30afecaace31274cbd3293f2f383647c55e51ce7711b9e8842b8283189ddec40394d1414d5dcd	common_voice_ur_26652599.mp3	خود غرض خود لئے جیتے ہیں۔	2	0	twenties	male		ur	
6cf52fee343629ae9a854bce2bc137221c710d167119554ff1f30afecaace31274cbd3293f2f383647c55e51ce7711b9e8842b8283189ddec40394d1414d5dcd	common_voice_ur_26652600.mp3	گاؤں کا نام کلاں تھا ۔	2	0	twenties	male		ur	
6cf52fee343629ae9a854bce2bc137221c710d167119554ff1f30afecaace31274cbd3293f2f383647c55e51ce7711b9e8842b8283189ddec40394d1414d5dcd	common_voice_ur_26652601.mp3	لیکن اللہ نے میری مدد کی	2	0	twenties	male		ur	
6cf52fee343629ae9a854bce2bc137221c710d167119554ff1f30afecaace31274cbd3293f2f383647c55e51ce7711b9e8842b8283189ddec40394d1414d5dcd	common_voice_ur_26652603.mp3	یہ مشکل کام وہ کیسے سرانجام دیں گے؟	2	0	twenties	male		ur	
6cf52fee343629ae9a854bce2bc137221c710d167119554ff1f30afecaace31274cbd3293f2f383647c55e51ce7711b9e8842b8283189ddec40394d1414d5dcd	common_voice_ur_26652606.mp3	ہر شخص اور کوئی نہیں	2	0	twenties	male		ur	
6cf52fee343629ae9a854bce2bc137221c710d167119554ff1f30afecaace31274cbd3293f2f383647c55e51ce7711b9e8842b8283189ddec40394d1414d5dcd	common_voice_ur_26652628.mp3	نوازشریف اب ایک نئے تعارف کے ساتھ سامنے آرہے ہیں۔	2	0	twenties	male		ur	
6cf52fee343629ae9a854bce2bc137221c710d167119554ff1f30afecaace31274cbd3293f2f383647c55e51ce7711b9e8842b8283189ddec40394d1414d5dcd	common_voice_ur_26652645.mp3	تمل	2	0	twenties	male		ur	
6cf52fee343629ae9a854bce2bc137221c710d167119554ff1f30afecaace31274cbd3293f2f383647c55e51ce7711b9e8842b8283189ddec40394d1414d5dcd	common_voice_ur_26652655.mp3	کتب خانہ کہاں ہے؟	2	0	twenties	male		ur	
6cf52fee343629ae9a854bce2bc137221c710d167119554ff1f30afecaace31274cbd3293f2f383647c55e51ce7711b9e8842b8283189ddec40394d1414d5dcd	common_voice_ur_26652664.mp3	ایف بی اور ترک ٹیکس اتھارٹیز کے درمیان ایم او یو طے پاگیا	2	0	twenties	male		ur	
6cf52fee343629ae9a854bce2bc137221c710d167119554ff1f30afecaace31274cbd3293f2f383647c55e51ce7711b9e8842b8283189ddec40394d1414d5dcd	common_voice_ur_26652666.mp3	ان کا نام تو نہ لینا ہی بہتر ہے۔	2	0	twenties	male		ur	
6cf52fee343629ae9a854bce2bc137221c710d167119554ff1f30afecaace31274cbd3293f2f383647c55e51ce7711b9e8842b8283189ddec40394d1414d5dcd	common_voice_ur_26652701.mp3	آسانی سے گھبرا جاتا ہوں	2	0	twenties	male		ur	
6cf52fee343629ae9a854bce2bc137221c710d167119554ff1f30afecaace31274cbd3293f2f383647c55e51ce7711b9e8842b8283189ddec40394d1414d5dcd	common_voice_ur_26652705.mp3	اداکارہ شمیم ارا انتقال کرگئیں	2	0	twenties	male		ur	
6cf52fee343629ae9a854bce2bc137221c710d167119554ff1f30afecaace31274cbd3293f2f383647c55e51ce7711b9e8842b8283189ddec40394d1414d5dcd	common_voice_ur_26652720.mp3	وزیراعظم نے اقتصادی رابطہ کمیٹی کا اجلاس اج طلب کرلیا	2	0	twenties	male		ur	
6cf52fee343629ae9a854bce2bc137221c710d167119554ff1f30afecaace31274cbd3293f2f383647c55e51ce7711b9e8842b8283189ddec40394d1414d5dcd	common_voice_ur_26652743.mp3	اللہ ان کی مدد کرے	2	0	twenties	male		ur	
6cf52fee343629ae9a854bce2bc137221c710d167119554ff1f30afecaace31274cbd3293f2f383647c55e51ce7711b9e8842b8283189ddec40394d1414d5dcd	common_voice_ur_26652746.mp3	تو نپے تلے انداز سے۔	2	0	twenties	male		ur	
6cf52fee343629ae9a854bce2bc137221c710d167119554ff1f30afecaace31274cbd3293f2f383647c55e51ce7711b9e8842b8283189ddec40394d1414d5dcd	common_voice_ur_26653071.mp3	آج کونسا دن ہے؟	2	0	twenties	male		ur	
6cf52fee343629ae9a854bce2bc137221c710d167119554ff1f30afecaace31274cbd3293f2f383647c55e51ce7711b9e8842b8283189ddec40394d1414d5dcd	common_voice_ur_26653072.mp3	وزیر اعظم خاندان شریفیہ سے نہیں۔	2	0	twenties	male		ur	
6cf52fee343629ae9a854bce2bc137221c710d167119554ff1f30afecaace31274cbd3293f2f383647c55e51ce7711b9e8842b8283189ddec40394d1414d5dcd	common_voice_ur_26653073.mp3	کیونکہ موسموں کی تبدیلی کے ساتھ ساتھ	2	0	twenties	male		ur	
6cf52fee343629ae9a854bce2bc137221c710d167119554ff1f30afecaace31274cbd3293f2f383647c55e51ce7711b9e8842b8283189ddec40394d1414d5dcd	common_voice_ur_26653074.mp3	تو سب برباد ہوں۔	2	0	twenties	male		ur	
6cf52fee343629ae9a854bce2bc137221c710d167119554ff1f30afecaace31274cbd3293f2f383647c55e51ce7711b9e8842b8283189ddec40394d1414d5dcd	common_voice_ur_26653075.mp3	مرضی کی رنگار نگ کتابیں دلوا کر دیتا ہوں	2	0	twenties	male		ur	
6cf52fee343629ae9a854bce2bc137221c710d167119554ff1f30afecaace31274cbd3293f2f383647c55e51ce7711b9e8842b8283189ddec40394d1414d5dcd	common_voice_ur_26653081.mp3	سو ایسے ہی چلے۔	2	0	twenties	male		ur	
6cf52fee343629ae9a854bce2bc137221c710d167119554ff1f30afecaace31274cbd3293f2f383647c55e51ce7711b9e8842b8283189ddec40394d1414d5dcd	common_voice_ur_26653089.mp3	کوئی دوسرا حل سماجی سطح پر ارتقا کو روک دیتا ہے۔	2	0	twenties	male		ur	
6cf52fee343629ae9a854bce2bc137221c710d167119554ff1f30afecaace31274cbd3293f2f383647c55e51ce7711b9e8842b8283189ddec40394d1414d5dcd	common_voice_ur_26653090.mp3	ایک زمانہ تھا۔	2	0	twenties	male		ur	
6cf52fee343629ae9a854bce2bc137221c710d167119554ff1f30afecaace31274cbd3293f2f383647c55e51ce7711b9e8842b8283189ddec40394d1414d5dcd	common_voice_ur_26653092.mp3	"معرفت کی دوسری سطح ""سائنٹیفک معرفت"" ہے۔"	2	0	twenties	male		ur	
6cf52fee343629ae9a854bce2bc137221c710d167119554ff1f30afecaace31274cbd3293f2f383647c55e51ce7711b9e8842b8283189ddec40394d1414d5dcd	common_voice_ur_26653093.mp3	بھائی کوئی بلب نہیں جل رہا	2	0	twenties	male		ur	
6cf52fee343629ae9a854bce2bc137221c710d167119554ff1f30afecaace31274cbd3293f2f383647c55e51ce7711b9e8842b8283189ddec40394d1414d5dcd	common_voice_ur_26653096.mp3	اداکاری خوفناک تھی	2	0	twenties	male		ur	
6cf52fee343629ae9a854bce2bc137221c710d167119554ff1f30afecaace31274cbd3293f2f383647c55e51ce7711b9e8842b8283189ddec40394d1414d5dcd	common_voice_ur_26653103.mp3	جاپانی لوگوں کی نفسیات	2	0	twenties	male		ur	
6cf52fee343629ae9a854bce2bc137221c710d167119554ff1f30afecaace31274cbd3293f2f383647c55e51ce7711b9e8842b8283189ddec40394d1414d5dcd	common_voice_ur_26653104.mp3	کانگو - کنشاسا	2	0	twenties	male		ur	
6cf52fee343629ae9a854bce2bc137221c710d167119554ff1f30afecaace31274cbd3293f2f383647c55e51ce7711b9e8842b8283189ddec40394d1414d5dcd	common_voice_ur_26653108.mp3	پاک بھارت کرکٹ تعلقات بحال کرنے کی کوشش ناکام	2	0	twenties	male		ur	
6cf52fee343629ae9a854bce2bc137221c710d167119554ff1f30afecaace31274cbd3293f2f383647c55e51ce7711b9e8842b8283189ddec40394d1414d5dcd	common_voice_ur_26653121.mp3	اچھا لیڈر ثابت ہو سکتا ہے؟	2	1	twenties	male		ur	
6cf52fee343629ae9a854bce2bc137221c710d167119554ff1f30afecaace31274cbd3293f2f383647c55e51ce7711b9e8842b8283189ddec40394d1414d5dcd	common_voice_ur_26653122.mp3	بہرحال یہ ضمنی بحث ہے۔	2	1	twenties	male		ur	
6cf52fee343629ae9a854bce2bc137221c710d167119554ff1f30afecaace31274cbd3293f2f383647c55e51ce7711b9e8842b8283189ddec40394d1414d5dcd	common_voice_ur_26653149.mp3	ظاہر ہے کہ یہ اپوزیشن کی تائید ہی سے ممکن ہو گا۔	2	0	twenties	male		ur	
6cf52fee343629ae9a854bce2bc137221c710d167119554ff1f30afecaace31274cbd3293f2f383647c55e51ce7711b9e8842b8283189ddec40394d1414d5dcd	common_voice_ur_26653152.mp3	یہ وقت ہے۔	2	0	twenties	male		ur	
6cf52fee343629ae9a854bce2bc137221c710d167119554ff1f30afecaace31274cbd3293f2f383647c55e51ce7711b9e8842b8283189ddec40394d1414d5dcd	common_voice_ur_26653356.mp3	معاملے میں حکومت ہی کو بروئے کار آنا	2	0	twenties	male		ur	
6cf52fee343629ae9a854bce2bc137221c710d167119554ff1f30afecaace31274cbd3293f2f383647c55e51ce7711b9e8842b8283189ddec40394d1414d5dcd	common_voice_ur_26653374.mp3	اس دوران کچھ فلمیں	2	0	twenties	male		ur	
6cf52fee343629ae9a854bce2bc137221c710d167119554ff1f30afecaace31274cbd3293f2f383647c55e51ce7711b9e8842b8283189ddec40394d1414d5dcd	common_voice_ur_26653383.mp3	پنجاب ریونیو اتھارٹی کا ٹیکس نادہندگان کیلئے پیکج کا اعلان	2	0	twenties	male		ur	
6cf52fee343629ae9a854bce2bc137221c710d167119554ff1f30afecaace31274cbd3293f2f383647c55e51ce7711b9e8842b8283189ddec40394d1414d5dcd	common_voice_ur_26653384.mp3	مگر ان جوانوں کی شہادت کو کسی نے یاد نہیں کیا	2	0	twenties	male		ur	
6cf52fee343629ae9a854bce2bc137221c710d167119554ff1f30afecaace31274cbd3293f2f383647c55e51ce7711b9e8842b8283189ddec40394d1414d5dcd	common_voice_ur_26653388.mp3	زمانہ بدل جائے گا۔	2	0	twenties	male		ur	
6cf52fee343629ae9a854bce2bc137221c710d167119554ff1f30afecaace31274cbd3293f2f383647c55e51ce7711b9e8842b8283189ddec40394d1414d5dcd	common_voice_ur_26653391.mp3	فرینچ گیانا	2	0	twenties	male		ur	
6cf52fee343629ae9a854bce2bc137221c710d167119554ff1f30afecaace31274cbd3293f2f383647c55e51ce7711b9e8842b8283189ddec40394d1414d5dcd	common_voice_ur_26653412.mp3	امیر محترم نے فیصلہ کیا	2	0	twenties	male		ur	
6cf52fee343629ae9a854bce2bc137221c710d167119554ff1f30afecaace31274cbd3293f2f383647c55e51ce7711b9e8842b8283189ddec40394d1414d5dcd	common_voice_ur_26653419.mp3	روحانیت کا سامان گاڑی میں پڑا تھا۔	2	0	twenties	male		ur	
6cf52fee343629ae9a854bce2bc137221c710d167119554ff1f30afecaace31274cbd3293f2f383647c55e51ce7711b9e8842b8283189ddec40394d1414d5dcd	common_voice_ur_26653421.mp3	جلدی میں اس نے دروازہ کھلا چھوڑ دیا	2	0	twenties	male		ur	
6cf52fee343629ae9a854bce2bc137221c710d167119554ff1f30afecaace31274cbd3293f2f383647c55e51ce7711b9e8842b8283189ddec40394d1414d5dcd	common_voice_ur_26653428.mp3	میں صبح کا گھر سے نکلا ہوں	2	0	twenties	male		ur	
6cf52fee343629ae9a854bce2bc137221c710d167119554ff1f30afecaace31274cbd3293f2f383647c55e51ce7711b9e8842b8283189ddec40394d1414d5dcd	common_voice_ur_26653438.mp3	اس سے کیا حساب برابر ہو جاتا ہے؟	2	0	twenties	male		ur	
6cf52fee343629ae9a854bce2bc137221c710d167119554ff1f30afecaace31274cbd3293f2f383647c55e51ce7711b9e8842b8283189ddec40394d1414d5dcd	common_voice_ur_26653441.mp3	اسکندر مرزا نے بتایا کہ	2	0	twenties	male		ur	
6cf52fee343629ae9a854bce2bc137221c710d167119554ff1f30afecaace31274cbd3293f2f383647c55e51ce7711b9e8842b8283189ddec40394d1414d5dcd	common_voice_ur_26653444.mp3	عاصم لڑ کی کو پٹانے کی کو شش کر رہا ہے	2	0	twenties	male		ur	
6cf52fee343629ae9a854bce2bc137221c710d167119554ff1f30afecaace31274cbd3293f2f383647c55e51ce7711b9e8842b8283189ddec40394d1414d5dcd	common_voice_ur_26653478.mp3	فلم کے پروڈیوسر ادتیہ چوپڑا ہیں۔	2	0	twenties	male		ur	
6cf52fee343629ae9a854bce2bc137221c710d167119554ff1f30afecaace31274cbd3293f2f383647c55e51ce7711b9e8842b8283189ddec40394d1414d5dcd	common_voice_ur_26653481.mp3	جھومتی چلی جاتیں	2	0	twenties	male		ur	
6cf52fee343629ae9a854bce2bc137221c710d167119554ff1f30afecaace31274cbd3293f2f383647c55e51ce7711b9e8842b8283189ddec40394d1414d5dcd	common_voice_ur_26653482.mp3	پِیٹھ پیچھے بات مت کرو	2	0	twenties	male		ur	
9b429f257f586530550730449045b59f09cf6f278e7e170f4b93de7114c708d938d51214275a8be24c9f6459e65e792b3a6be8c4fcb6332f2c1a768ed3c5af40	common_voice_ur_26630004.mp3	پر اپنی محنت سے حاصل کیا ہے	2	0	thirties	female		ur	
9b429f257f586530550730449045b59f09cf6f278e7e170f4b93de7114c708d938d51214275a8be24c9f6459e65e792b3a6be8c4fcb6332f2c1a768ed3c5af40	common_voice_ur_26630005.mp3	جبکہ مصباح الحق اور یونس خان جیسے سینئرز صرف اس لیے اب تک کھیل رہے ہیں	2	0	thirties	female		ur	
9b429f257f586530550730449045b59f09cf6f278e7e170f4b93de7114c708d938d51214275a8be24c9f6459e65e792b3a6be8c4fcb6332f2c1a768ed3c5af40	common_voice_ur_26630006.mp3	پنجاب میں صنعتوں اور سی این جی سیکٹرز کو گیس کی فراہمی معطل	2	1	thirties	female		ur	
9b429f257f586530550730449045b59f09cf6f278e7e170f4b93de7114c708d938d51214275a8be24c9f6459e65e792b3a6be8c4fcb6332f2c1a768ed3c5af40	common_voice_ur_26630007.mp3	لندن فلیٹس کی ملکیت ثابت شدہ ہے۔	2	0	thirties	female		ur	
9b429f257f586530550730449045b59f09cf6f278e7e170f4b93de7114c708d938d51214275a8be24c9f6459e65e792b3a6be8c4fcb6332f2c1a768ed3c5af40	common_voice_ur_26630008.mp3	کئی کئی برسوں کا فرق ہے۔	2	1	thirties	female		ur	
9b429f257f586530550730449045b59f09cf6f278e7e170f4b93de7114c708d938d51214275a8be24c9f6459e65e792b3a6be8c4fcb6332f2c1a768ed3c5af40	common_voice_ur_26630034.mp3	تو پاکستان کی سیاسی جماعتیں یہ کیوں نہ کر سکیں؟	2	0	thirties	female		ur	
9b429f257f586530550730449045b59f09cf6f278e7e170f4b93de7114c708d938d51214275a8be24c9f6459e65e792b3a6be8c4fcb6332f2c1a768ed3c5af40	common_voice_ur_26630035.mp3	جب جنرل راحیل شریف آرمی چیف تھے۔	2	0	thirties	female		ur	
9b429f257f586530550730449045b59f09cf6f278e7e170f4b93de7114c708d938d51214275a8be24c9f6459e65e792b3a6be8c4fcb6332f2c1a768ed3c5af40	common_voice_ur_26630036.mp3	مگر حیرت کی بات کہ قرآن شریف کو سب سے اوپر رکھا گیا ، گویا سب سےمقدس صحیفہ یہی ہے	2	0	thirties	female		ur	
9b429f257f586530550730449045b59f09cf6f278e7e170f4b93de7114c708d938d51214275a8be24c9f6459e65e792b3a6be8c4fcb6332f2c1a768ed3c5af40	common_voice_ur_26630037.mp3	"گاؤں جہاں کا قصد تھا ، کا نام ""کلاں"" ہے ۔"	2	1	thirties	female		ur	
9b429f257f586530550730449045b59f09cf6f278e7e170f4b93de7114c708d938d51214275a8be24c9f6459e65e792b3a6be8c4fcb6332f2c1a768ed3c5af40	common_voice_ur_26630038.mp3	اب بھی وہی قائم ہیں۔	2	0	thirties	female		ur	
9b429f257f586530550730449045b59f09cf6f278e7e170f4b93de7114c708d938d51214275a8be24c9f6459e65e792b3a6be8c4fcb6332f2c1a768ed3c5af40	common_voice_ur_26630075.mp3	ضیاء الحق دور میں قوم بٹی ہوئی تھی۔	2	0	thirties	female		ur	
9b429f257f586530550730449045b59f09cf6f278e7e170f4b93de7114c708d938d51214275a8be24c9f6459e65e792b3a6be8c4fcb6332f2c1a768ed3c5af40	common_voice_ur_26630076.mp3	اداکار شاہد کپور کے بارے میں بھی	2	1	thirties	female		ur	
9b429f257f586530550730449045b59f09cf6f278e7e170f4b93de7114c708d938d51214275a8be24c9f6459e65e792b3a6be8c4fcb6332f2c1a768ed3c5af40	common_voice_ur_26630077.mp3	یہ کسی قوم کی ایک اجتماعی ضرورت کا فطری جواب ہے۔	2	0	thirties	female		ur	
9b429f257f586530550730449045b59f09cf6f278e7e170f4b93de7114c708d938d51214275a8be24c9f6459e65e792b3a6be8c4fcb6332f2c1a768ed3c5af40	common_voice_ur_26630078.mp3	مجھے دفتر پیدل جانا پڑتا ہے	2	0	thirties	female		ur	
9b429f257f586530550730449045b59f09cf6f278e7e170f4b93de7114c708d938d51214275a8be24c9f6459e65e792b3a6be8c4fcb6332f2c1a768ed3c5af40	common_voice_ur_26630095.mp3	خدانہ کرے کہ ایسا ہو۔	2	0	thirties	female		ur	
9b429f257f586530550730449045b59f09cf6f278e7e170f4b93de7114c708d938d51214275a8be24c9f6459e65e792b3a6be8c4fcb6332f2c1a768ed3c5af40	common_voice_ur_26630096.mp3	اپنی چالیسویں سالگرہ کی طرف بڑھتے ہوئے ک	2	0	thirties	female		ur	
9b429f257f586530550730449045b59f09cf6f278e7e170f4b93de7114c708d938d51214275a8be24c9f6459e65e792b3a6be8c4fcb6332f2c1a768ed3c5af40	common_voice_ur_26630097.mp3	بچن نے اپنی بھابھی ایشوریا کے بارے میں	2	0	thirties	female		ur	
9b429f257f586530550730449045b59f09cf6f278e7e170f4b93de7114c708d938d51214275a8be24c9f6459e65e792b3a6be8c4fcb6332f2c1a768ed3c5af40	common_voice_ur_26630098.mp3	اب جو اعتراضات اٹھائے گئے ہیں۔	2	0	thirties	female		ur	
9b429f257f586530550730449045b59f09cf6f278e7e170f4b93de7114c708d938d51214275a8be24c9f6459e65e792b3a6be8c4fcb6332f2c1a768ed3c5af40	common_voice_ur_26630099.mp3	میں فلم کو سمجھ نہیں پایا تھا	2	0	thirties	female		ur	
9b429f257f586530550730449045b59f09cf6f278e7e170f4b93de7114c708d938d51214275a8be24c9f6459e65e792b3a6be8c4fcb6332f2c1a768ed3c5af40	common_voice_ur_26630110.mp3	اوراب وہ رد ہوچکی۔	2	0	thirties	female		ur	
9b429f257f586530550730449045b59f09cf6f278e7e170f4b93de7114c708d938d51214275a8be24c9f6459e65e792b3a6be8c4fcb6332f2c1a768ed3c5af40	common_voice_ur_26630111.mp3	اچھی بھی نہیں لگتی۔	2	0	thirties	female		ur	
9b429f257f586530550730449045b59f09cf6f278e7e170f4b93de7114c708d938d51214275a8be24c9f6459e65e792b3a6be8c4fcb6332f2c1a768ed3c5af40	common_voice_ur_26630112.mp3	لیکن ان کی حکومت شخصی حکومت نہ تھی۔	2	0	thirties	female		ur	
9b429f257f586530550730449045b59f09cf6f278e7e170f4b93de7114c708d938d51214275a8be24c9f6459e65e792b3a6be8c4fcb6332f2c1a768ed3c5af40	common_voice_ur_26630113.mp3	جس کو صائم الدھر کہا جاتا ہے	2	0	thirties	female		ur	
9b429f257f586530550730449045b59f09cf6f278e7e170f4b93de7114c708d938d51214275a8be24c9f6459e65e792b3a6be8c4fcb6332f2c1a768ed3c5af40	common_voice_ur_26630114.mp3	پرندے نقل مکانی کرنا شروع کرتے ہیں	2	0	thirties	female		ur	
9b429f257f586530550730449045b59f09cf6f278e7e170f4b93de7114c708d938d51214275a8be24c9f6459e65e792b3a6be8c4fcb6332f2c1a768ed3c5af40	common_voice_ur_26630125.mp3	اقدار میں اصلاح کاآغاز رجحان ساز طبقات سے ہو گا۔	2	0	thirties	female		ur	
9b429f257f586530550730449045b59f09cf6f278e7e170f4b93de7114c708d938d51214275a8be24c9f6459e65e792b3a6be8c4fcb6332f2c1a768ed3c5af40	common_voice_ur_26630126.mp3	اور شاید ہیں۔	2	0	thirties	female		ur	
9b429f257f586530550730449045b59f09cf6f278e7e170f4b93de7114c708d938d51214275a8be24c9f6459e65e792b3a6be8c4fcb6332f2c1a768ed3c5af40	common_voice_ur_26630127.mp3	ہم میں تو صلاحیت نہیں۔	2	0	thirties	female		ur	
9b429f257f586530550730449045b59f09cf6f278e7e170f4b93de7114c708d938d51214275a8be24c9f6459e65e792b3a6be8c4fcb6332f2c1a768ed3c5af40	common_voice_ur_26630128.mp3	مکمل خاموشی پھر ہلکی سی آہٹ سنائی دیتی ہے	2	0	thirties	female		ur	
9b429f257f586530550730449045b59f09cf6f278e7e170f4b93de7114c708d938d51214275a8be24c9f6459e65e792b3a6be8c4fcb6332f2c1a768ed3c5af40	common_voice_ur_26630129.mp3	کی گولیوں کا نشانہ بناتے ہیں	2	0	thirties	female		ur	
9b429f257f586530550730449045b59f09cf6f278e7e170f4b93de7114c708d938d51214275a8be24c9f6459e65e792b3a6be8c4fcb6332f2c1a768ed3c5af40	common_voice_ur_26630134.mp3	اللہ اسے سلامت رکھے۔	2	0	thirties	female		ur	
9b429f257f586530550730449045b59f09cf6f278e7e170f4b93de7114c708d938d51214275a8be24c9f6459e65e792b3a6be8c4fcb6332f2c1a768ed3c5af40	common_voice_ur_26630146.mp3	یہ دیکھ کر تو میرے دماغ نے کام کرنا چھوڑ دیا	2	0	thirties	female		ur	
9b429f257f586530550730449045b59f09cf6f278e7e170f4b93de7114c708d938d51214275a8be24c9f6459e65e792b3a6be8c4fcb6332f2c1a768ed3c5af40	common_voice_ur_26630147.mp3	مگر قومی ٹیم کی متواتر ناکام کارکردگی	2	1	thirties	female		ur	
9b429f257f586530550730449045b59f09cf6f278e7e170f4b93de7114c708d938d51214275a8be24c9f6459e65e792b3a6be8c4fcb6332f2c1a768ed3c5af40	common_voice_ur_26630148.mp3	جہاں زندگی فطرت سے قریب تر ہے۔	2	0	thirties	female		ur	
9b429f257f586530550730449045b59f09cf6f278e7e170f4b93de7114c708d938d51214275a8be24c9f6459e65e792b3a6be8c4fcb6332f2c1a768ed3c5af40	common_voice_ur_26630149.mp3	اللہ پاک آپ کے درجات بلند کرے	2	0	thirties	female		ur	
9b429f257f586530550730449045b59f09cf6f278e7e170f4b93de7114c708d938d51214275a8be24c9f6459e65e792b3a6be8c4fcb6332f2c1a768ed3c5af40	common_voice_ur_26630150.mp3	ادارہ تعلیم و تحقیق کے زیر اہتمام آج میڈیا سے وابستہ	2	0	thirties	female		ur	
9b429f257f586530550730449045b59f09cf6f278e7e170f4b93de7114c708d938d51214275a8be24c9f6459e65e792b3a6be8c4fcb6332f2c1a768ed3c5af40	common_voice_ur_26630176.mp3	مزدوروں کا کہنا تھا	2	0	thirties	female		ur	
9b429f257f586530550730449045b59f09cf6f278e7e170f4b93de7114c708d938d51214275a8be24c9f6459e65e792b3a6be8c4fcb6332f2c1a768ed3c5af40	common_voice_ur_26630177.mp3	منافع کم ہو سکتا ہے لیکن کمازکم لاگت پوری ہو جانی چاہِیے	2	0	thirties	female		ur	
9b429f257f586530550730449045b59f09cf6f278e7e170f4b93de7114c708d938d51214275a8be24c9f6459e65e792b3a6be8c4fcb6332f2c1a768ed3c5af40	common_voice_ur_26630178.mp3	ویمنز ٹیم پاکستان کرکٹ ٹیم کیلئے مثال ہے اظہر محمود	2	0	thirties	female		ur	
9b429f257f586530550730449045b59f09cf6f278e7e170f4b93de7114c708d938d51214275a8be24c9f6459e65e792b3a6be8c4fcb6332f2c1a768ed3c5af40	common_voice_ur_26630179.mp3	موجودہ کھلاڑیوں کا مستقبل داؤ پر لگے	2	0	thirties	female		ur	
9b429f257f586530550730449045b59f09cf6f278e7e170f4b93de7114c708d938d51214275a8be24c9f6459e65e792b3a6be8c4fcb6332f2c1a768ed3c5af40	common_voice_ur_26630180.mp3	میں لنڈا بازار جارہاہوں۔	2	0	thirties	female		ur	
9b429f257f586530550730449045b59f09cf6f278e7e170f4b93de7114c708d938d51214275a8be24c9f6459e65e792b3a6be8c4fcb6332f2c1a768ed3c5af40	common_voice_ur_26630196.mp3	جو اس سفر نامے میں شامل ہے	2	1	thirties	female		ur	
9b429f257f586530550730449045b59f09cf6f278e7e170f4b93de7114c708d938d51214275a8be24c9f6459e65e792b3a6be8c4fcb6332f2c1a768ed3c5af40	common_voice_ur_26630198.mp3	یہ جنونی مذہب کی روح اور جدید دنیا سے نابلد تھے	2	0	thirties	female		ur	
9b429f257f586530550730449045b59f09cf6f278e7e170f4b93de7114c708d938d51214275a8be24c9f6459e65e792b3a6be8c4fcb6332f2c1a768ed3c5af40	common_voice_ur_26630200.mp3	سوشل میڈیا صارفین مختلف	2	0	thirties	female		ur	
9b429f257f586530550730449045b59f09cf6f278e7e170f4b93de7114c708d938d51214275a8be24c9f6459e65e792b3a6be8c4fcb6332f2c1a768ed3c5af40	common_voice_ur_26630201.mp3	ان دونوں نے کہا: سبحان اللہ، یا رسول اللہ	2	0	thirties	female		ur	
9b429f257f586530550730449045b59f09cf6f278e7e170f4b93de7114c708d938d51214275a8be24c9f6459e65e792b3a6be8c4fcb6332f2c1a768ed3c5af40	common_voice_ur_26630202.mp3	چند مسائل پیدا ہوتے ہیں	2	0	thirties	female		ur	
9b429f257f586530550730449045b59f09cf6f278e7e170f4b93de7114c708d938d51214275a8be24c9f6459e65e792b3a6be8c4fcb6332f2c1a768ed3c5af40	common_voice_ur_26630217.mp3	اس کے جواب سے دل پر ایک چوٹ لگی۔	2	0	thirties	female		ur	
9b429f257f586530550730449045b59f09cf6f278e7e170f4b93de7114c708d938d51214275a8be24c9f6459e65e792b3a6be8c4fcb6332f2c1a768ed3c5af40	common_voice_ur_26630218.mp3	فرانس کروشیا کو ہرا کر دوسری مرتبہ فیفاورلڈ کپ کا چیمپئن بن گیا	2	0	thirties	female		ur	
9b429f257f586530550730449045b59f09cf6f278e7e170f4b93de7114c708d938d51214275a8be24c9f6459e65e792b3a6be8c4fcb6332f2c1a768ed3c5af40	common_voice_ur_26630219.mp3	مجھے یہ سب خواب لگتا ہے	2	0	thirties	female		ur	
9b429f257f586530550730449045b59f09cf6f278e7e170f4b93de7114c708d938d51214275a8be24c9f6459e65e792b3a6be8c4fcb6332f2c1a768ed3c5af40	common_voice_ur_26630220.mp3	فرائض منصبی کے سلسلے میں ملک سے باہر جانے کا موقع ملا	2	0	thirties	female		ur	
9b429f257f586530550730449045b59f09cf6f278e7e170f4b93de7114c708d938d51214275a8be24c9f6459e65e792b3a6be8c4fcb6332f2c1a768ed3c5af40	common_voice_ur_26630226.mp3	قومی الیکشن اسی سال مئی میں ہونے والے	2	0	thirties	female		ur	
9b429f257f586530550730449045b59f09cf6f278e7e170f4b93de7114c708d938d51214275a8be24c9f6459e65e792b3a6be8c4fcb6332f2c1a768ed3c5af40	common_voice_ur_26630227.mp3	کہ وہ جلد ایسا قانون وضع کرے	2	0	thirties	female		ur	
9b429f257f586530550730449045b59f09cf6f278e7e170f4b93de7114c708d938d51214275a8be24c9f6459e65e792b3a6be8c4fcb6332f2c1a768ed3c5af40	common_voice_ur_26630228.mp3	نہ صرف ٹھیک ہے۔	2	0	thirties	female		ur	
9b429f257f586530550730449045b59f09cf6f278e7e170f4b93de7114c708d938d51214275a8be24c9f6459e65e792b3a6be8c4fcb6332f2c1a768ed3c5af40	common_voice_ur_26630229.mp3	تو یہ کسی بھی حکومت کی نااہلی کی بدترین مثال ہے۔	2	0	thirties	female		ur	
9b429f257f586530550730449045b59f09cf6f278e7e170f4b93de7114c708d938d51214275a8be24c9f6459e65e792b3a6be8c4fcb6332f2c1a768ed3c5af40	common_voice_ur_26630230.mp3	لیکن اب صورتحال یکسر مختلف ہے۔	2	0	thirties	female		ur	
9b429f257f586530550730449045b59f09cf6f278e7e170f4b93de7114c708d938d51214275a8be24c9f6459e65e792b3a6be8c4fcb6332f2c1a768ed3c5af40	common_voice_ur_26630236.mp3	سلمان اکشے کی فلم رستم کی تشہیر کے لیے سرگرم	2	0	thirties	female		ur	
9b429f257f586530550730449045b59f09cf6f278e7e170f4b93de7114c708d938d51214275a8be24c9f6459e65e792b3a6be8c4fcb6332f2c1a768ed3c5af40	common_voice_ur_26630237.mp3	بے حیائی کا رونا فضول بات ہے۔	2	0	thirties	female		ur	
9b429f257f586530550730449045b59f09cf6f278e7e170f4b93de7114c708d938d51214275a8be24c9f6459e65e792b3a6be8c4fcb6332f2c1a768ed3c5af40	common_voice_ur_26630238.mp3	دوسروں کے لیے جلدی پر جوش ہو جاتا ہوں	2	0	thirties	female		ur	
9b429f257f586530550730449045b59f09cf6f278e7e170f4b93de7114c708d938d51214275a8be24c9f6459e65e792b3a6be8c4fcb6332f2c1a768ed3c5af40	common_voice_ur_26630239.mp3	ان میں ہم نے اپنا حصہ کیا ڈالا ہے؟	2	0	thirties	female		ur	
9b429f257f586530550730449045b59f09cf6f278e7e170f4b93de7114c708d938d51214275a8be24c9f6459e65e792b3a6be8c4fcb6332f2c1a768ed3c5af40	common_voice_ur_26630256.mp3	ایک زنانہ آواز پوچھتی ہے	2	1	thirties	female		ur	
9b429f257f586530550730449045b59f09cf6f278e7e170f4b93de7114c708d938d51214275a8be24c9f6459e65e792b3a6be8c4fcb6332f2c1a768ed3c5af40	common_voice_ur_26630257.mp3	پاکستان میں گاڑیوں کی فروخت میں اضافہ	2	0	thirties	female		ur	
9b429f257f586530550730449045b59f09cf6f278e7e170f4b93de7114c708d938d51214275a8be24c9f6459e65e792b3a6be8c4fcb6332f2c1a768ed3c5af40	common_voice_ur_26630258.mp3	نان کمرشل موضوع ہونے کے باوجود	2	0	thirties	female		ur	
9b429f257f586530550730449045b59f09cf6f278e7e170f4b93de7114c708d938d51214275a8be24c9f6459e65e792b3a6be8c4fcb6332f2c1a768ed3c5af40	common_voice_ur_26630259.mp3	ان چھ کے ہی آٹھ آملیٹ تیار کر لیں گے	2	0	thirties	female		ur	
9b429f257f586530550730449045b59f09cf6f278e7e170f4b93de7114c708d938d51214275a8be24c9f6459e65e792b3a6be8c4fcb6332f2c1a768ed3c5af40	common_voice_ur_26630260.mp3	، ظلم و ستم بڑھ جائے	2	0	thirties	female		ur	
9b429f257f586530550730449045b59f09cf6f278e7e170f4b93de7114c708d938d51214275a8be24c9f6459e65e792b3a6be8c4fcb6332f2c1a768ed3c5af40	common_voice_ur_26630266.mp3	اور اگر ایسا ہوتا ہے۔	2	0	thirties	female		ur	
9b429f257f586530550730449045b59f09cf6f278e7e170f4b93de7114c708d938d51214275a8be24c9f6459e65e792b3a6be8c4fcb6332f2c1a768ed3c5af40	common_voice_ur_26630267.mp3	ٹھنڈی ٹھنڈی ہوا میرے پسینے سے بھیگے بدن سے ٹکراتی ہے	2	0	thirties	female		ur	
9b429f257f586530550730449045b59f09cf6f278e7e170f4b93de7114c708d938d51214275a8be24c9f6459e65e792b3a6be8c4fcb6332f2c1a768ed3c5af40	common_voice_ur_26630268.mp3	پھر یہ بھی واضح ہوگیا کہ یہ سیاست کسی اورکی تھی۔	2	0	thirties	female		ur	
9b429f257f586530550730449045b59f09cf6f278e7e170f4b93de7114c708d938d51214275a8be24c9f6459e65e792b3a6be8c4fcb6332f2c1a768ed3c5af40	common_voice_ur_26630269.mp3	ملک کے مفاد میں پاکستان کیوں چھوڑنا پڑا	2	0	thirties	female		ur	
9b429f257f586530550730449045b59f09cf6f278e7e170f4b93de7114c708d938d51214275a8be24c9f6459e65e792b3a6be8c4fcb6332f2c1a768ed3c5af40	common_voice_ur_26630270.mp3	ورنہ تو یہ پروپیگنڈا ہو جائے گا۔	2	1	thirties	female		ur	
9b429f257f586530550730449045b59f09cf6f278e7e170f4b93de7114c708d938d51214275a8be24c9f6459e65e792b3a6be8c4fcb6332f2c1a768ed3c5af40	common_voice_ur_26630271.mp3	اس کا نقصان کونسل سے زیادہ اسلام کو پہنچ رہا ہے۔	2	0	thirties	female		ur	
9b429f257f586530550730449045b59f09cf6f278e7e170f4b93de7114c708d938d51214275a8be24c9f6459e65e792b3a6be8c4fcb6332f2c1a768ed3c5af40	common_voice_ur_26630272.mp3	کل مشرف کے حامی آج پی پی پی کے	2	0	thirties	female		ur	
9b429f257f586530550730449045b59f09cf6f278e7e170f4b93de7114c708d938d51214275a8be24c9f6459e65e792b3a6be8c4fcb6332f2c1a768ed3c5af40	common_voice_ur_26630273.mp3	صدی کا بہترین فیصلہ قرار دیا ہے	2	0	thirties	female		ur	
9b429f257f586530550730449045b59f09cf6f278e7e170f4b93de7114c708d938d51214275a8be24c9f6459e65e792b3a6be8c4fcb6332f2c1a768ed3c5af40	common_voice_ur_26630274.mp3	یہاں تک کہ انہوں نے کراچی کو استنبول بنانے کا وعدہ کیا	2	0	thirties	female		ur	
9b429f257f586530550730449045b59f09cf6f278e7e170f4b93de7114c708d938d51214275a8be24c9f6459e65e792b3a6be8c4fcb6332f2c1a768ed3c5af40	common_voice_ur_26630275.mp3	شائد وہ بھول گیا ہو	2	0	thirties	female		ur	
9b429f257f586530550730449045b59f09cf6f278e7e170f4b93de7114c708d938d51214275a8be24c9f6459e65e792b3a6be8c4fcb6332f2c1a768ed3c5af40	common_voice_ur_26630276.mp3	ان شاء اللہ کل اس پر پوری مستعدی اور دلجمعی سے کام کروں گا	2	0	thirties	female		ur	
9b429f257f586530550730449045b59f09cf6f278e7e170f4b93de7114c708d938d51214275a8be24c9f6459e65e792b3a6be8c4fcb6332f2c1a768ed3c5af40	common_voice_ur_26630277.mp3	یہ فکر دل سے جا چکی۔	2	0	thirties	female		ur	
9b429f257f586530550730449045b59f09cf6f278e7e170f4b93de7114c708d938d51214275a8be24c9f6459e65e792b3a6be8c4fcb6332f2c1a768ed3c5af40	common_voice_ur_26630278.mp3	نئی نئی سیاسی قوتیں سامنے آئی ہیں۔	2	0	thirties	female		ur	
9b429f257f586530550730449045b59f09cf6f278e7e170f4b93de7114c708d938d51214275a8be24c9f6459e65e792b3a6be8c4fcb6332f2c1a768ed3c5af40	common_voice_ur_26630279.mp3	خیالی پلاو بنانا پسند کرتا ہوں	2	1	thirties	female		ur	
9b429f257f586530550730449045b59f09cf6f278e7e170f4b93de7114c708d938d51214275a8be24c9f6459e65e792b3a6be8c4fcb6332f2c1a768ed3c5af40	common_voice_ur_26630280.mp3	اور رسول بھی گزر چکے پھر کیا اگر وہ مر جائیں یا قتل	2	1	thirties	female		ur	
9b429f257f586530550730449045b59f09cf6f278e7e170f4b93de7114c708d938d51214275a8be24c9f6459e65e792b3a6be8c4fcb6332f2c1a768ed3c5af40	common_voice_ur_26630281.mp3	یہ پھر بھی نہیں راضی۔	2	0	thirties	female		ur	
9b429f257f586530550730449045b59f09cf6f278e7e170f4b93de7114c708d938d51214275a8be24c9f6459e65e792b3a6be8c4fcb6332f2c1a768ed3c5af40	common_voice_ur_26630282.mp3	بنگلہ دیش کی عدالت اگر علما کے فتووں اور قانونی فیصلوں پر پابندی لگانے کے بجائے	2	0	thirties	female		ur	
9b429f257f586530550730449045b59f09cf6f278e7e170f4b93de7114c708d938d51214275a8be24c9f6459e65e792b3a6be8c4fcb6332f2c1a768ed3c5af40	common_voice_ur_26630283.mp3	میں لاہور میں رہتا ہوں	2	0	thirties	female		ur	
9b429f257f586530550730449045b59f09cf6f278e7e170f4b93de7114c708d938d51214275a8be24c9f6459e65e792b3a6be8c4fcb6332f2c1a768ed3c5af40	common_voice_ur_26630284.mp3	امریکہ کی جنگ نہ لڑنا اور بات ہے۔	2	0	thirties	female		ur	
9b429f257f586530550730449045b59f09cf6f278e7e170f4b93de7114c708d938d51214275a8be24c9f6459e65e792b3a6be8c4fcb6332f2c1a768ed3c5af40	common_voice_ur_26630285.mp3	جیاےایف آزمائش تیسرے مرحلے میں جاتی ہے	2	0	thirties	female		ur	
9b429f257f586530550730449045b59f09cf6f278e7e170f4b93de7114c708d938d51214275a8be24c9f6459e65e792b3a6be8c4fcb6332f2c1a768ed3c5af40	common_voice_ur_26630286.mp3	پڑوس میں افغانستان کو ہی دیکھ لیں۔	2	0	thirties	female		ur	
9b429f257f586530550730449045b59f09cf6f278e7e170f4b93de7114c708d938d51214275a8be24c9f6459e65e792b3a6be8c4fcb6332f2c1a768ed3c5af40	common_voice_ur_26630287.mp3	لگائے جا رہے ہیں۔	2	0	thirties	female		ur	
9b429f257f586530550730449045b59f09cf6f278e7e170f4b93de7114c708d938d51214275a8be24c9f6459e65e792b3a6be8c4fcb6332f2c1a768ed3c5af40	common_voice_ur_26630288.mp3	اس سے زیادہ کچھ نہیں۔	2	0	thirties	female		ur	
9b429f257f586530550730449045b59f09cf6f278e7e170f4b93de7114c708d938d51214275a8be24c9f6459e65e792b3a6be8c4fcb6332f2c1a768ed3c5af40	common_voice_ur_26630289.mp3	سب سے پہلے گھر کا تالا کھولا اور بجلی چالو کی ۔	2	0	thirties	female		ur	
9b429f257f586530550730449045b59f09cf6f278e7e170f4b93de7114c708d938d51214275a8be24c9f6459e65e792b3a6be8c4fcb6332f2c1a768ed3c5af40	common_voice_ur_26630290.mp3	مرغی اور انڈے کی	2	1	thirties	female		ur	
9b429f257f586530550730449045b59f09cf6f278e7e170f4b93de7114c708d938d51214275a8be24c9f6459e65e792b3a6be8c4fcb6332f2c1a768ed3c5af40	common_voice_ur_26630291.mp3	چترال میں موسم بہار کے شروع ہوتے ہی	2	0	thirties	female		ur	
9b429f257f586530550730449045b59f09cf6f278e7e170f4b93de7114c708d938d51214275a8be24c9f6459e65e792b3a6be8c4fcb6332f2c1a768ed3c5af40	common_voice_ur_26630292.mp3	وزیر اعظم ہیں۔	2	0	thirties	female		ur	
9b429f257f586530550730449045b59f09cf6f278e7e170f4b93de7114c708d938d51214275a8be24c9f6459e65e792b3a6be8c4fcb6332f2c1a768ed3c5af40	common_voice_ur_26630293.mp3	گجرانوالہ میں قومی ریسلنگ چیمپئن شپ	2	0	thirties	female		ur	
9b429f257f586530550730449045b59f09cf6f278e7e170f4b93de7114c708d938d51214275a8be24c9f6459e65e792b3a6be8c4fcb6332f2c1a768ed3c5af40	common_voice_ur_26630299.mp3	اب لگتا ہے کہ ایک بار پھر ہنگامہ برپا ہونے کو ہے۔	2	0	thirties	female		ur	
9b429f257f586530550730449045b59f09cf6f278e7e170f4b93de7114c708d938d51214275a8be24c9f6459e65e792b3a6be8c4fcb6332f2c1a768ed3c5af40	common_voice_ur_26630300.mp3	دیر تو ہو جاتی ہے۔	2	0	thirties	female		ur	
9b429f257f586530550730449045b59f09cf6f278e7e170f4b93de7114c708d938d51214275a8be24c9f6459e65e792b3a6be8c4fcb6332f2c1a768ed3c5af40	common_voice_ur_26630301.mp3	تو پھر ان کیا بنتا ہے؟	2	0	thirties	female		ur	
9b429f257f586530550730449045b59f09cf6f278e7e170f4b93de7114c708d938d51214275a8be24c9f6459e65e792b3a6be8c4fcb6332f2c1a768ed3c5af40	common_voice_ur_26630302.mp3	کیا پیپلز پارٹی عصری سیاست کا بارہواں کھلاڑی ہے؟	2	0	thirties	female		ur	
9b429f257f586530550730449045b59f09cf6f278e7e170f4b93de7114c708d938d51214275a8be24c9f6459e65e792b3a6be8c4fcb6332f2c1a768ed3c5af40	common_voice_ur_26630303.mp3	والدین بھی اسی زاویے سے سوچتے ہیں۔	2	0	thirties	female		ur	
9b429f257f586530550730449045b59f09cf6f278e7e170f4b93de7114c708d938d51214275a8be24c9f6459e65e792b3a6be8c4fcb6332f2c1a768ed3c5af40	common_voice_ur_26630304.mp3	آئین انہیں پانچ سال کے لیے کام کی اجازت دیتا ہے۔	2	1	thirties	female		ur	
9b429f257f586530550730449045b59f09cf6f278e7e170f4b93de7114c708d938d51214275a8be24c9f6459e65e792b3a6be8c4fcb6332f2c1a768ed3c5af40	common_voice_ur_26630305.mp3	تم یہ کیسے کر لیتے ہو؟	2	0	thirties	female		ur	
9b429f257f586530550730449045b59f09cf6f278e7e170f4b93de7114c708d938d51214275a8be24c9f6459e65e792b3a6be8c4fcb6332f2c1a768ed3c5af40	common_voice_ur_26630306.mp3	عمر جنتی ہیں	2	0	thirties	female		ur	
9b429f257f586530550730449045b59f09cf6f278e7e170f4b93de7114c708d938d51214275a8be24c9f6459e65e792b3a6be8c4fcb6332f2c1a768ed3c5af40	common_voice_ur_26630307.mp3	ہوائی سفر کے لیے مسافروں کو محفوظ گزرگاہ فراہم کی جائے گی	2	0	thirties	female		ur	
9b429f257f586530550730449045b59f09cf6f278e7e170f4b93de7114c708d938d51214275a8be24c9f6459e65e792b3a6be8c4fcb6332f2c1a768ed3c5af40	common_voice_ur_26630308.mp3	باہر کے ماحول میں جانے نہیں پاتی	2	1	thirties	female		ur	
9b429f257f586530550730449045b59f09cf6f278e7e170f4b93de7114c708d938d51214275a8be24c9f6459e65e792b3a6be8c4fcb6332f2c1a768ed3c5af40	common_voice_ur_26630589.mp3	وہ کئی عمدہ کتابیں چھاپ چکے ہیں۔	2	0	thirties	female		ur	
9b429f257f586530550730449045b59f09cf6f278e7e170f4b93de7114c708d938d51214275a8be24c9f6459e65e792b3a6be8c4fcb6332f2c1a768ed3c5af40	common_voice_ur_26630593.mp3	"""میٹھا انڈا تو کبھی نہیں سنا ۔"	2	0	thirties	female		ur	
9b429f257f586530550730449045b59f09cf6f278e7e170f4b93de7114c708d938d51214275a8be24c9f6459e65e792b3a6be8c4fcb6332f2c1a768ed3c5af40	common_voice_ur_26630600.mp3	نمک مرچ تو نہ نکلی	2	0	thirties	female		ur	
9b429f257f586530550730449045b59f09cf6f278e7e170f4b93de7114c708d938d51214275a8be24c9f6459e65e792b3a6be8c4fcb6332f2c1a768ed3c5af40	common_voice_ur_26630601.mp3	ندی دریا اور گاؤں کی گلیاں بھی بل کھاتی ہوئیں	2	0	thirties	female		ur	
9b429f257f586530550730449045b59f09cf6f278e7e170f4b93de7114c708d938d51214275a8be24c9f6459e65e792b3a6be8c4fcb6332f2c1a768ed3c5af40	common_voice_ur_26630602.mp3	چین خواہ مخواہ ترقی نہیں کر رہا۔	2	0	thirties	female		ur	
9b429f257f586530550730449045b59f09cf6f278e7e170f4b93de7114c708d938d51214275a8be24c9f6459e65e792b3a6be8c4fcb6332f2c1a768ed3c5af40	common_voice_ur_26630603.mp3	یہ خبر سامنے آنے کے بعد ہی	2	0	thirties	female		ur	
9b429f257f586530550730449045b59f09cf6f278e7e170f4b93de7114c708d938d51214275a8be24c9f6459e65e792b3a6be8c4fcb6332f2c1a768ed3c5af40	common_voice_ur_26630611.mp3	پیٹ کے کیڑوں سے	2	0	thirties	female		ur	
9b429f257f586530550730449045b59f09cf6f278e7e170f4b93de7114c708d938d51214275a8be24c9f6459e65e792b3a6be8c4fcb6332f2c1a768ed3c5af40	common_voice_ur_26630612.mp3	صرف دو منٹ پہ محیط ہے۔	2	0	thirties	female		ur	
9b429f257f586530550730449045b59f09cf6f278e7e170f4b93de7114c708d938d51214275a8be24c9f6459e65e792b3a6be8c4fcb6332f2c1a768ed3c5af40	common_voice_ur_26630616.mp3	نظریاتی سیاست کی فضارومان پرور ہوتی ہے۔	2	0	thirties	female		ur	
9b429f257f586530550730449045b59f09cf6f278e7e170f4b93de7114c708d938d51214275a8be24c9f6459e65e792b3a6be8c4fcb6332f2c1a768ed3c5af40	common_voice_ur_26630634.mp3	ان میں سید نور کی تین فلمیں	2	0	thirties	female		ur	
9b429f257f586530550730449045b59f09cf6f278e7e170f4b93de7114c708d938d51214275a8be24c9f6459e65e792b3a6be8c4fcb6332f2c1a768ed3c5af40	common_voice_ur_26630635.mp3	ہمارا جھکائو امریکہ کی طرف ہو گیا۔	2	0	thirties	female		ur	
9b429f257f586530550730449045b59f09cf6f278e7e170f4b93de7114c708d938d51214275a8be24c9f6459e65e792b3a6be8c4fcb6332f2c1a768ed3c5af40	common_voice_ur_26630637.mp3	اب بھی پڑی ہوئی ہے۔	2	0	thirties	female		ur	
9b429f257f586530550730449045b59f09cf6f278e7e170f4b93de7114c708d938d51214275a8be24c9f6459e65e792b3a6be8c4fcb6332f2c1a768ed3c5af40	common_voice_ur_26630638.mp3	اور کیسے ہوسکتی تھی؟	2	0	thirties	female		ur	
9b429f257f586530550730449045b59f09cf6f278e7e170f4b93de7114c708d938d51214275a8be24c9f6459e65e792b3a6be8c4fcb6332f2c1a768ed3c5af40	common_voice_ur_26630667.mp3	محسوس کرتا ہوں کہ میں چیزوں سے نبرد آزما ہونے کے قابل نہیں	2	0	thirties	female		ur	
9b429f257f586530550730449045b59f09cf6f278e7e170f4b93de7114c708d938d51214275a8be24c9f6459e65e792b3a6be8c4fcb6332f2c1a768ed3c5af40	common_voice_ur_26630669.mp3	پہلے ایک آملیٹ چاٹ مصالحہ ڈال کر بنایا جائے	2	1	thirties	female		ur	
9b429f257f586530550730449045b59f09cf6f278e7e170f4b93de7114c708d938d51214275a8be24c9f6459e65e792b3a6be8c4fcb6332f2c1a768ed3c5af40	common_voice_ur_26630670.mp3	آج بد قسمتی سے پھر اس سوچ کا احیاء ہو رہا ہے۔	2	0	thirties	female		ur	
9b429f257f586530550730449045b59f09cf6f278e7e170f4b93de7114c708d938d51214275a8be24c9f6459e65e792b3a6be8c4fcb6332f2c1a768ed3c5af40	common_voice_ur_26630689.mp3	بیزار کن سوالات مجھ سے برداشت نہیں ہوتے	2	0	thirties	female		ur	
9b429f257f586530550730449045b59f09cf6f278e7e170f4b93de7114c708d938d51214275a8be24c9f6459e65e792b3a6be8c4fcb6332f2c1a768ed3c5af40	common_voice_ur_26630690.mp3	گرین شرٹس ایشیا کپ سے باہر ایونٹ میں ٹیم کی کارکردگی کا ایک جائزہ	2	1	thirties	female		ur	
9b429f257f586530550730449045b59f09cf6f278e7e170f4b93de7114c708d938d51214275a8be24c9f6459e65e792b3a6be8c4fcb6332f2c1a768ed3c5af40	common_voice_ur_26630691.mp3	آدمی یہاں کچھ دیر قیام کرتا ہے۔	2	0	thirties	female		ur	
9b429f257f586530550730449045b59f09cf6f278e7e170f4b93de7114c708d938d51214275a8be24c9f6459e65e792b3a6be8c4fcb6332f2c1a768ed3c5af40	common_voice_ur_26630692.mp3	ہماری آپس میں دو تین جنگیں ہوئیں۔	2	1	thirties	female		ur	
9b429f257f586530550730449045b59f09cf6f278e7e170f4b93de7114c708d938d51214275a8be24c9f6459e65e792b3a6be8c4fcb6332f2c1a768ed3c5af40	common_voice_ur_26630693.mp3	وہ ایک خانقاہ کے سجادہ نشین ہیں۔	2	0	thirties	female		ur	
9b429f257f586530550730449045b59f09cf6f278e7e170f4b93de7114c708d938d51214275a8be24c9f6459e65e792b3a6be8c4fcb6332f2c1a768ed3c5af40	common_voice_ur_26630702.mp3	یہ کہاں کا انصاف ہے؟	2	0	thirties	female		ur	
9b429f257f586530550730449045b59f09cf6f278e7e170f4b93de7114c708d938d51214275a8be24c9f6459e65e792b3a6be8c4fcb6332f2c1a768ed3c5af40	common_voice_ur_26630703.mp3	آپ یہاں سے یہ کتابچہ مفت حاصل کرسکتے ہیں	2	0	thirties	female		ur	
9b429f257f586530550730449045b59f09cf6f278e7e170f4b93de7114c708d938d51214275a8be24c9f6459e65e792b3a6be8c4fcb6332f2c1a768ed3c5af40	common_voice_ur_26630705.mp3	بچے بڑے ہوں۔	2	0	thirties	female		ur	
9b429f257f586530550730449045b59f09cf6f278e7e170f4b93de7114c708d938d51214275a8be24c9f6459e65e792b3a6be8c4fcb6332f2c1a768ed3c5af40	common_voice_ur_26630721.mp3	آج یہ نمائندگی سیاسی جماعتیں کرتی ہیں	2	0	thirties	female		ur	
9b429f257f586530550730449045b59f09cf6f278e7e170f4b93de7114c708d938d51214275a8be24c9f6459e65e792b3a6be8c4fcb6332f2c1a768ed3c5af40	common_voice_ur_26630722.mp3	بیٹھ کے بات کیجئے	2	0	thirties	female		ur	
9b429f257f586530550730449045b59f09cf6f278e7e170f4b93de7114c708d938d51214275a8be24c9f6459e65e792b3a6be8c4fcb6332f2c1a768ed3c5af40	common_voice_ur_26630723.mp3	جب پریشر آ ہی رہا ہے۔	2	0	thirties	female		ur	
9b429f257f586530550730449045b59f09cf6f278e7e170f4b93de7114c708d938d51214275a8be24c9f6459e65e792b3a6be8c4fcb6332f2c1a768ed3c5af40	common_voice_ur_26630730.mp3	بچوں جیسی معصومیت کا اظہار کرتی دکھائی دیتی ہے	2	0	thirties	female		ur	
9b429f257f586530550730449045b59f09cf6f278e7e170f4b93de7114c708d938d51214275a8be24c9f6459e65e792b3a6be8c4fcb6332f2c1a768ed3c5af40	common_voice_ur_26630733.mp3	سری لنکا کیخلاف کامیابی ٹیم ورک کا نتیجہ ہےاظہر علی	2	0	thirties	female		ur	
9b429f257f586530550730449045b59f09cf6f278e7e170f4b93de7114c708d938d51214275a8be24c9f6459e65e792b3a6be8c4fcb6332f2c1a768ed3c5af40	common_voice_ur_26630736.mp3	زندگی کی مجبوریاں انسان کو نہ ہوں۔	2	0	thirties	female		ur	
9b429f257f586530550730449045b59f09cf6f278e7e170f4b93de7114c708d938d51214275a8be24c9f6459e65e792b3a6be8c4fcb6332f2c1a768ed3c5af40	common_voice_ur_26630746.mp3	پاکستان نے ویسٹ انڈیز کو رنز سے عبرتناک شکست دیدی	2	0	thirties	female		ur	
9b429f257f586530550730449045b59f09cf6f278e7e170f4b93de7114c708d938d51214275a8be24c9f6459e65e792b3a6be8c4fcb6332f2c1a768ed3c5af40	common_voice_ur_26630747.mp3	انہوں نے اسے ترک کردیا اور کسی دوسرےملک کی شہریت اختیار کرلی	2	0	thirties	female		ur	
9b429f257f586530550730449045b59f09cf6f278e7e170f4b93de7114c708d938d51214275a8be24c9f6459e65e792b3a6be8c4fcb6332f2c1a768ed3c5af40	common_voice_ur_26630748.mp3	جو مسلمان ہے۔	2	0	thirties	female		ur	
9b429f257f586530550730449045b59f09cf6f278e7e170f4b93de7114c708d938d51214275a8be24c9f6459e65e792b3a6be8c4fcb6332f2c1a768ed3c5af40	common_voice_ur_26630749.mp3	کس حد تک کامیاب ہوں	2	0	thirties	female		ur	
9b429f257f586530550730449045b59f09cf6f278e7e170f4b93de7114c708d938d51214275a8be24c9f6459e65e792b3a6be8c4fcb6332f2c1a768ed3c5af40	common_voice_ur_26630750.mp3	سبزہ دھلا ہوا معلوم ہوتا تھا	2	0	thirties	female		ur	
9b429f257f586530550730449045b59f09cf6f278e7e170f4b93de7114c708d938d51214275a8be24c9f6459e65e792b3a6be8c4fcb6332f2c1a768ed3c5af40	common_voice_ur_26630761.mp3	وہی سلام ہے کہ سلامتی عطافرمائے ۔	2	0	thirties	female		ur	
9b429f257f586530550730449045b59f09cf6f278e7e170f4b93de7114c708d938d51214275a8be24c9f6459e65e792b3a6be8c4fcb6332f2c1a768ed3c5af40	common_voice_ur_26630762.mp3	"فی زمانہ اسے ""حماقت"" کہا جاتا ہے"	2	0	thirties	female		ur	
9b429f257f586530550730449045b59f09cf6f278e7e170f4b93de7114c708d938d51214275a8be24c9f6459e65e792b3a6be8c4fcb6332f2c1a768ed3c5af40	common_voice_ur_26630764.mp3	یہ تمام کاوش ظرافت سے مالا مال ہے۔	2	0	thirties	female		ur	
9b429f257f586530550730449045b59f09cf6f278e7e170f4b93de7114c708d938d51214275a8be24c9f6459e65e792b3a6be8c4fcb6332f2c1a768ed3c5af40	common_voice_ur_26630765.mp3	ایک مسلک کے علماء ہوں۔	2	0	thirties	female		ur	
9b429f257f586530550730449045b59f09cf6f278e7e170f4b93de7114c708d938d51214275a8be24c9f6459e65e792b3a6be8c4fcb6332f2c1a768ed3c5af40	common_voice_ur_26630767.mp3	جھوٹ کے پاؤں نہیں ہوتے۔	2	0	thirties	female		ur	
9b429f257f586530550730449045b59f09cf6f278e7e170f4b93de7114c708d938d51214275a8be24c9f6459e65e792b3a6be8c4fcb6332f2c1a768ed3c5af40	common_voice_ur_26630777.mp3	اس کہانی کو انصاف کرنے کے لئے اتنا وقت نہیں دیا جاتا ہے	2	0	thirties	female		ur	
9b429f257f586530550730449045b59f09cf6f278e7e170f4b93de7114c708d938d51214275a8be24c9f6459e65e792b3a6be8c4fcb6332f2c1a768ed3c5af40	common_voice_ur_26630778.mp3	میں نے کل رات تمہیں خواب میں دیکھا۔	2	0	thirties	female		ur	
9b429f257f586530550730449045b59f09cf6f278e7e170f4b93de7114c708d938d51214275a8be24c9f6459e65e792b3a6be8c4fcb6332f2c1a768ed3c5af40	common_voice_ur_26630779.mp3	تو ان کی قوت اقتدار ان کے وجود ہی کو مٹا دے گی۔	2	0	thirties	female		ur	
9b429f257f586530550730449045b59f09cf6f278e7e170f4b93de7114c708d938d51214275a8be24c9f6459e65e792b3a6be8c4fcb6332f2c1a768ed3c5af40	common_voice_ur_26630780.mp3	ٹرین نہ تو کسی کا انتظار کرتی ہے نہ کسی کو انتظار کرواتی ہے	2	0	thirties	female		ur	
9b429f257f586530550730449045b59f09cf6f278e7e170f4b93de7114c708d938d51214275a8be24c9f6459e65e792b3a6be8c4fcb6332f2c1a768ed3c5af40	common_voice_ur_26630781.mp3	سونیا حسین کی اگلی فلم بااختیار خواتین سے متعلق	2	0	thirties	female		ur	
9b429f257f586530550730449045b59f09cf6f278e7e170f4b93de7114c708d938d51214275a8be24c9f6459e65e792b3a6be8c4fcb6332f2c1a768ed3c5af40	common_voice_ur_26630804.mp3	اس کے لیے اپوزیشن کو اپنی کارکردگی دکھانا ہو گی۔	2	0	thirties	female		ur	
9b429f257f586530550730449045b59f09cf6f278e7e170f4b93de7114c708d938d51214275a8be24c9f6459e65e792b3a6be8c4fcb6332f2c1a768ed3c5af40	common_voice_ur_26630805.mp3	وہ چھلانگ لگا کر کار میں گھسا اور پچھلی سیٹ پر لیٹ گیا۔	2	0	thirties	female		ur	
9b429f257f586530550730449045b59f09cf6f278e7e170f4b93de7114c708d938d51214275a8be24c9f6459e65e792b3a6be8c4fcb6332f2c1a768ed3c5af40	common_voice_ur_26630806.mp3	پیپلز پارٹی کی سیاست اک معمہ ہے۔	2	0	thirties	female		ur	
